371.35974,687.66626,484.596,720.78674,411.41858,760.7479,444.57422,647.6736
371.3154,687.70197,484.6362,720.8519,411.30527,760.82416,444.61743,647.6926
371.32498,687.63654,484.59976,720.9025,411.40762,760.7731,444.611,647.7395
371.37003,687.67633,484.59424,720.8604,411.37863,760.74335,444.59567,647.73206
371.35294,687.638,484.60025,720.81287,411.40533,760.7861,444.59198,647.6334
371.30096,687.78876,484.6067,720.8555,411.4196,760.85394,444.59796,647.6904
371.33435,687.606,484.629,720.8391,411.4574,760.75757,444.62387,647.8766
371.37842,687.6966,484.58734,720.7583,411.43948,760.7985,444.6099,647.654
371.34186,687.71625,484.60757,720.7711,411.38846,760.74335,444.61102,647.6547
371.2976,687.66766,484.52304,720.89026,411.39117,760.7512,444.60168,647.72974
371.3234,687.6087,484.5954,720.9017,411.45554,760.69617,444.58005,647.7552
371.38712,687.6345,484.58704,720.7391,411.3981,760.8159,444.57452,647.7045
371.35498,687.6576,484.5771,720.87006,411.4053,760.6906,444.6009,647.81464
371.36475,687.6219,484.5948,720.691,411.35046,760.7942,444.61133,647.7078
371.39288,687.7021,484.57892,720.8828,411.39893,760.8365,444.61063,647.71106
371.305,687.6929,484.57953,720.84216,411.3707,760.79144,444.54135,647.68335
371.38568,687.731,484.6126,720.8621,411.41852,760.76575,444.61624,647.77905
371.43185,687.7218,484.61386,720.8788,411.37402,760.75543,444.6076,647.67346
371.35938,687.7009,484.59875,720.848,411.38455,760.71844,444.6079,647.79974
371.3504,687.6817,484.58884,720.8148,411.4401,760.7411,444.5451,647.6786
371.30533,687.79266,484.63507,720.8505,411.39395,760.7387,444.60846,647.6402
371.35568,687.63434,484.61707,720.875,411.42432,760.73566,444.62866,647.691
371.31235,687.7294,484.6153,720.87177,411.43027,760.7489,444.6193,647.80585
371.34888,687.5907,484.6269,720.9322,411.38126,760.74896,444.60294,647.7211
371.37418,687.60034,484.58395,720.8446,411.39877,760.6947,444.6015,647.6988
371.3707,687.7336,484.62958,720.82,411.41074,760.8256,444.6207,647.68964
371.35086,687.7256,484.67322,720.9046,411.31747,760.78754,444.62308,647.68317
371.33505,687.6412,484.59473,720.836,411.3924,760.7394,444.62943,647.66565
371.29736,687.67316,484.61362,720.73535,411.37643,760.8309,444.6319,647.8002
371.31445,687.6233,484.60327,720.87585,411.31992,760.8314,444.62128,647.75256
371.36325,687.6775,484.57986,720.8574,411.3682,760.7315,444.57806,647.7063
371.3715,687.7001,484.58722,720.82806,411.44177,760.73395,444.58505,647.67474
371.35562,687.73553,484.55035,720.8404,411.35382,760.78595,444.59665,647.69574
371.37183,687.6325,484.59265,720.89923,411.43002,760.8199,444.6169,647.7427
371.32104,687.6777,484.61618,720.83105,411.38654,760.6853,444.58133,647.6888
371.37213,687.7408,484.5819,720.80615,411.39893,760.7827,444.60577,647.7636
371.3593,687.55365,484.61197,720.7408,411.4037,760.7955,444.5528,647.6664
371.36716,687.671,484.58957,720.8351,411.36353,760.8452,444.6054,647.7794
371.38422,687.7134,484.5854,720.73285,411.40067,760.771,444.59753,647.70276
371.32422,687.6632,484.56384,720.8335,411.3811,760.82544,444.5945,647.78174
371.35544,687.6927,484.5908,720.87573,411.33923,760.8838,444.59152,647.6914
371.35748,687.71497,484.62854,720.767,411.4657,760.7247,444.5773,647.73816
371.3248,687.6761,484.61203,720.83105,411.38416,760.83405,444.57547,647.72687
371.35184,687.7137,484.55853,720.8545,411.41638,760.65826,444.583,647.7167
371.33347,687.56976,484.6197,720.82526,411.39713,760.73254,444.62405,647.6988
371.32812,687.7105,484.5672,720.8172,411.40518,760.8778,444.5843,647.77594
371.35864,687.68994,484.62793,720.80206,411.41348,760.82983,444.59814,647.6813
371.38742,687.731,484.5763,720.74677,411.40884,760.71875,444.58884,647.7408
371.3381,687.67834,484.57596,720.8811,411.4226,760.7813,444.62228,647.7112
371.31064,687.705,484.61157,720.77936,411.36807,760.77924,444.6076,647.684
371.37015,687.76166,484.6137,720.875,411.43008,760.7473,444.5701,647.69574
371.36243,687.7235,484.61227,720.83264,411.36688,760.82745,444.5747,647.61566
371.39517,687.62384,484.6081,720.8347,411.36398,760.7973,444.60132,647.6733
371.33826,687.66736,484.5963,720.9133,411.37122,760.7752,444.5969,647.7712
371.37766,687.6834,484.62207,720.88464,411.33853,760.778,444.6079,647.7988
371.3199,687.7122,484.61224,720.7938,411.39926,760.76086,444.5782,647.67096
371.34158,687.6892,484.60434,720.7947,411.40115,760.90936,444.6117,647.7518
371.3531,687.64734,484.60626,720.8933,411.39893,760.7942,444.5654,647.7632
371.33795,687.65643,484.61395,720.82806,411.36603,760.92334,444.60898,647.7683
371.33667,687.73456,484.59418,720.7871,411.3922,760.8074,444.55997,647.718
371.3126,687.6213,484.59882,720.86755,411.37152,760.8046,444.5926,647.6889
371.35736,687.5913,484.5835,720.78674,411.40213,760.7062,444.57535,647.72516
371.39404,687.60724,484.57095,720.90247,411.4274,760.8035,444.5785,647.6904
371.39014,687.6224,484.6322,720.82733,411.3547,760.813,444.6083,647.6963
371.3738,687.61884,484.61407,720.78766,411.37134,760.6842,444.59326,647.7293
371.34906,687.6323,484.57178,720.89825,411.35825,760.8287,444.5581,647.677
371.32047,687.71344,484.58133,720.8115,411.3489,760.7897,444.5749,647.6818
371.38025,687.6752,484.5757,720.74585,411.39362,760.7831,444.56833,647.6944
371.33478,687.7713,484.57858,720.812,411.43057,760.8525,444.5784,647.7281
371.30252,687.7027,484.63333,720.9133,411.40808,760.70953,444.5413,647.78687
371.3626,687.5499,484.59616,720.83936,411.4195,760.7489,444.6233,647.71405
371.36734,687.6132,484.6109,720.94714,411.3474,760.7658,444.5782,647.66034
371.34964,687.6339,484.60333,720.74054,411.349,760.87555,444.5608,647.76
371.35397,687.6755,484.62506,720.77405,411.415,760.78326,444.62082,647.6384
371.32037,687.5803,484.61542,720.8113,411.4254,760.78937,444.5945,647.72687
371.35776,687.7021,484.64148,720.84766,411.3832,760.784,444.59842,647.6403
371.31616,687.6665,484.61008,720.80524,411.3361,760.8503,444.60443,647.7062
371.40976,687.6062,484.6,720.8526,411.48337,760.8215,444.58954,647.7509
371.34903,687.6043,484.634,720.9192,411.3584,760.8401,444.5484,647.6699
371.3604,687.62054,484.598,720.8123,411.4049,760.7705,444.5588,647.76166
371.34964,687.68066,484.60425,720.74005,411.3617,760.7308,444.5932,647.67535
371.3206,687.71027,484.63528,720.8837,411.389,760.7985,444.63016,647.7592
371.3171,687.7124,484.60223,720.7888,411.39023,760.8092,444.58026,647.69794
371.3638,687.66785,484.5421,720.8098,411.4546,760.866,444.56415,647.71857
371.353,687.6999,484.60516,720.8569,411.39334,760.8224,444.587,647.6687
371.35156,687.7031,484.59842,720.8236,411.4387,760.795,444.60184,647.6235
371.30624,687.7363,484.62134,720.8123,411.42453,760.7382,444.58813,647.71875
371.4008,687.60614,484.6525,720.81793,411.47873,760.7574,444.58203,647.69525
371.35153,687.6589,484.5903,720.86957,411.40485,760.7933,444.5741,647.6891
371.36414,687.6065,484.63812,720.88007,411.41763,760.7971,444.56573,647.7167
371.3937,687.5882,484.61255,720.89453,411.34308,760.8478,444.60706,647.67065
371.29056,687.6665,484.60828,720.8838,411.4149,760.8594,444.6218,647.7263
371.3065,687.62726,484.60318,720.84503,411.3837,760.8839,444.59125,647.67255
371.3762,687.64716,484.6095,720.8231,411.3995,760.75604,444.56088,647.7074
371.35242,687.68616,484.66568,720.8763,411.42752,760.6913,444.59857,647.6795
371.35596,687.638,484.60233,720.77246,411.41196,760.7645,444.60922,647.7346
371.3061,687.63464,484.5965,720.8434,411.39273,760.7078,444.6056,647.7742
371.37085,687.6668,484.6172,720.8207,411.43033,760.8557,444.61804,647.6932
371.37494,687.6065,484.60324,720.8323,411.40408,760.7926,444.5879,647.67535
371.31192,687.69934,484.62674,720.9162,411.39597,760.86926,444.55417,647.6864
371.33133,687.6233,484.61838,720.8489,411.39105,760.8071,444.56638,647.704
371.3637,687.72876,484.6026,720.8161,411.37137,760.7558,444.6138,647.6624
371.3534,687.6704,484.56177,720.8356,411.35785,760.81305,444.61008,647.68787
371.398,687.62665,484.62457,720.86536,411.40796,760.7847,444.6112,647.65625
371.34375,687.69226,484.61935,720.91205,411.3572,760.7479,444.59595,647.7007
371.3352,687.6965,484.65552,720.8622,411.45993,760.7355,444.6031,647.55164
371.3704,687.71643,484.64975,720.76917,411.43146,760.8181,444.6393,647.78394
371.3718,687.70154,484.63037,720.8252,411.44684,760.7269,444.61093,647.6401
371.27234,687.783,484.61954,720.83105,411.33826,760.81116,444.61548,647.71375
371.40234,687.7712,484.6016,720.8796,411.35785,760.7116,444.59708,647.7451
371.32974,687.6534,484.616,720.8072,411.3732,760.79065,444.59177,647.74066
371.35736,687.5904,484.58548,720.81195,411.41272,760.6709,444.6147,647.6796
371.3381,687.64935,484.65405,720.7572,411.37076,760.77673,444.60788,647.7337
371.38135,687.7006,484.61948,720.78265,411.4032,760.74255,444.5485,647.619
371.38693,687.63165,484.62924,720.8514,411.35556,760.8432,444.63376,647.72943
371.3109,687.6856,484.59476,720.7905,411.4191,760.78534,444.5986,647.6396
371.35443,687.6794,484.60806,720.739,411.37238,760.7497,444.57434,647.70575
371.3602,687.70483,484.61795,720.83844,411.4065,760.8187,444.59018,647.6795
371.327,687.6726,484.59818,720.8513,411.38217,760.828,444.5727,647.6836
371.30893,687.67285,484.5979,720.8564,411.39795,760.865,444.61203,647.6792
371.32104,687.6972,484.6052,720.88666,411.3865,760.7321,444.57935,647.75574
371.41028,687.58844,484.64014,720.7909,411.41974,760.76984,444.59805,647.7702
371.33044,687.6518,484.5783,720.9108,411.40573,760.78687,444.56985,647.74725
371.34433,687.7338,484.58685,720.78345,411.37592,760.76495,444.58405,647.7561
371.35046,687.5805,484.5816,720.7565,411.42126,760.7174,444.5747,647.6989
371.30386,687.6688,484.60126,720.7942,411.41583,760.84357,444.63257,647.71094
371.395,687.5843,484.60782,720.791,411.43716,760.7769,444.5905,647.7742
371.35052,687.6633,484.604,720.8446,411.39886,760.76825,444.65353,647.75055
371.33505,687.6541,484.62646,720.7704,411.36322,760.7416,444.60052,647.6765
371.3368,687.72266,484.65042,720.81,411.41916,760.74866,444.59088,647.75574
371.35205,687.613,484.57706,720.91376,411.38284,760.81,444.5622,647.72864
371.35382,687.62585,484.60498,720.7518,411.44092,760.6483,444.575,647.6456
371.3901,687.6927,484.60693,720.86633,411.38998,760.8247,444.56262,647.7833
371.36328,687.737,484.58893,720.793,411.45258,760.7253,444.65085,647.75867
371.3443,687.6315,484.6188,720.78485,411.43658,760.74426,444.56876,647.8509
371.34213,687.6535,484.57718,720.86615,411.40067,760.86053,444.60052,647.6885
371.36032,687.6778,484.58755,720.8596,411.38846,760.75684,444.61963,647.70276
371.297,687.69086,484.64233,720.8397,411.42804,760.7465,444.5872,647.6644
371.37704,687.66797,484.6016,720.8118,411.4307,760.80396,444.64694,647.6863
371.34143,687.6724,484.60318,720.80536,411.4169,760.7993,444.63644,647.7063
371.36514,687.6965,484.5825,720.7979,411.41534,760.7995,444.62766,647.7553
371.3717,687.66205,484.59656,720.8775,411.44476,760.74225,444.55664,647.7199
371.3397,687.72363,484.64594,720.86096,411.355,760.8544,444.59512,647.7716
371.29764,687.7476,484.59882,720.8663,411.39655,760.83905,444.59796,647.6302
371.28528,687.75085,484.598,720.7977,411.37222,760.7346,444.60043,647.66003
371.37927,687.6797,484.58038,720.82043,411.35626,760.84924,444.58585,647.7115
371.34634,687.697,484.62567,720.8166,411.39713,760.7713,444.6021,647.68964
371.40442,687.707,484.59592,720.82446,411.38083,760.7625,444.59238,647.7346
371.36954,687.6547,484.59692,720.8571,411.4091,760.7781,444.6029,647.6692
371.40414,687.60236,484.615,720.81335,411.414,760.7535,444.5515,647.7922
371.3809,687.64246,484.5855,720.7628,411.40466,760.78595,444.57346,647.7
371.34186,687.63824,484.61353,720.8418,411.4258,760.84424,444.5492,647.73096
371.36646,687.6249,484.59116,720.83356,411.44846,760.77045,444.58255,647.72156
371.3261,687.6622,484.60516,720.83057,411.3986,760.82263,444.61395,647.6705
371.3287,687.62714,484.67694,720.8203,411.45026,760.69574,444.61038,647.78674
371.35825,687.618,484.61502,720.84467,411.39697,760.7583,444.54578,647.79333
371.3,687.64935,484.61203,720.84357,411.34692,760.85144,444.57346,647.6405
371.3332,687.72894,484.60403,720.9639,411.40604,760.7063,444.58682,647.8464
371.34027,687.6879,484.6471,720.77234,411.4487,760.7262,444.626,647.6994
371.37894,687.6722,484.59775,720.8057,411.40924,760.7085,444.60944,647.6522
371.36572,687.69763,484.63455,720.8202,411.4393,760.8138,444.6016,647.7127
371.37512,687.6201,484.53918,720.902,411.41943,760.7868,444.59106,647.7337
371.35703,687.68414,484.6206,720.83307,411.44016,760.77704,444.61166,647.69525
371.38297,687.65814,484.60425,720.8454,411.41815,760.81,444.59595,647.6281
371.38428,687.614,484.60977,720.8222,411.4336,760.7852,444.58786,647.7078
371.3658,687.66925,484.5939,720.8762,411.4085,760.77075,444.55875,647.6643
371.33002,687.6151,484.62708,720.7975,411.37134,760.6981,444.58325,647.7303
371.32812,687.7305,484.62396,720.8285,411.43625,760.795,444.60672,647.6708
371.37473,687.65686,484.63986,720.79865,411.42657,760.7476,444.6083,647.69495
371.33463,687.629,484.62277,720.74036,411.4555,760.79785,444.61517,647.65576
371.32468,687.62646,484.6025,720.8908,411.41214,760.8005,444.6123,647.691
371.34113,687.6489,484.62192,720.8871,411.40616,760.87695,444.56763,647.76184
371.3427,687.6685,484.61664,720.88,411.41138,760.74335,444.61685,647.6358
371.366,687.69037,484.61282,720.91376,411.43594,760.75934,444.59415,647.7443
371.37106,687.6013,484.64508,720.8551,411.41647,760.7866,444.59186,647.7233
371.31537,687.7464,484.6337,720.83356,411.49326,760.733,444.59076,647.7918
371.33463,687.5898,484.56766,720.85004,411.391,760.77216,444.59222,647.7059
371.3633,687.62805,484.6337,720.8306,411.38654,760.79645,444.62692,647.6658
371.37717,687.64795,484.59268,720.7951,411.38803,760.7863,444.61157,647.6796
371.37527,687.6312,484.5672,720.82635,411.4065,760.857,444.6233,647.7251
371.3437,687.5993,484.5826,720.87115,411.35382,760.9126,444.57776,647.7266
371.33896,687.6931,484.6236,720.81323,411.41943,760.8028,444.55707,647.7093
371.38327,687.6782,484.60675,720.8173,411.37082,760.7453,444.58945,647.72766
371.39603,687.5945,484.61856,720.8796,411.46094,760.76074,444.59302,647.6765
371.35297,687.66046,484.6253,720.7785,411.43243,760.82465,444.6023,647.6686
371.32468,687.6113,484.6273,720.8385,411.42014,760.82916,444.62527,647.6783
371.3835,687.5828,484.60034,720.8306,411.41367,760.7586,444.62546,647.7531
371.4327,687.5966,484.5752,720.8496,411.38947,760.8868,444.62213,647.7177
371.369,687.6791,484.59448,720.79724,411.42502,760.73315,444.63037,647.7207
371.366,687.5943,484.61896,720.8335,411.4163,760.7618,444.57693,647.6936
371.32727,687.68445,484.57797,720.82776,411.41675,760.6865,444.61874,647.7843
371.3685,687.64014,484.60907,720.7664,411.38196,760.6871,444.6109,647.77637
371.38464,687.586,484.5944,720.89954,411.40726,760.7169,444.55615,647.679
371.36346,687.6443,484.60226,720.9009,411.4067,760.6999,444.54935,647.6972
371.3532,687.6412,484.59488,720.95215,411.40033,760.8533,444.56732,647.73474
371.32843,687.6041,484.62045,720.83594,411.34854,760.83765,444.63892,647.75366
371.34027,687.6628,484.5823,720.89233,411.42447,760.7462,444.66785,647.7654
371.3232,687.6707,484.58475,720.7913,411.4086,760.7959,444.62085,647.761
371.36194,687.5759,484.6298,720.8531,411.4239,760.74634,444.6091,647.6714
371.34256,687.6302,484.62692,720.80994,411.384,760.7668,444.61255,647.7019
371.34906,687.67126,484.64523,720.8176,411.3749,760.74695,444.6163,647.739
371.31302,687.7736,484.61386,720.8575,411.40384,760.7823,444.5999,647.7288
371.2979,687.69037,484.61697,720.8697,411.40155,760.7515,444.5924,647.68524
371.31238,687.67334,484.59213,720.8621,411.42938,760.69916,444.59903,647.69586
371.35458,687.68964,484.6376,720.8148,411.41418,760.78,444.59238,647.74255
371.40433,687.705,484.6181,720.90576,411.41766,760.7156,444.5948,647.6739
371.34732,687.6254,484.6228,720.8546,411.38705,760.76996,444.59103,647.7953
371.39273,687.64575,484.57892,720.77423,411.3848,760.83203,444.61008,647.6941
371.37418,687.60034,484.56946,720.8891,411.4162,760.85046,444.5618,647.73285
371.31656,687.6973,484.6186,720.8091,411.4132,760.81537,444.579,647.7273
371.36072,687.63367,484.59467,720.83234,411.35715,760.82104,444.61636,647.7128
371.36264,687.6746,484.62155,720.8538,411.43256,760.86145,444.5786,647.66345
371.3608,687.68774,484.64844,720.8405,411.41168,760.83484,444.587,647.6762
371.37234,687.5991,484.59177,720.9882,411.37897,760.83026,444.6,647.6969
371.36887,687.59576,484.5989,720.84015,411.43307,760.75806,444.57135,647.75574
371.35068,687.6818,484.6157,720.7408,411.44513,760.7781,444.59433,647.6885
371.39062,687.71265,484.6327,720.878,411.4693,760.7647,444.5777,647.7273
371.35736,687.61285,484.60684,720.78674,411.42624,760.6683,444.5383,647.71533
371.3491,687.70123,484.6294,720.8335,411.42386,760.7064,444.61255,647.7037
371.3519,687.59155,484.63693,720.9175,411.4346,760.7445,444.6201,647.6196
371.359,687.641,484.63617,720.8613,411.42352,760.8073,444.59814,647.68787
371.3498,687.64764,484.6314,720.79425,411.40247,760.7881,444.61337,647.73914
371.36075,687.66956,484.6341,720.85004,411.41827,760.8847,444.607,647.7386
371.41574,687.6439,484.65497,720.8546,411.4406,760.7666,444.58426,647.697
371.36563,687.6538,484.61993,720.8331,411.3747,760.77356,444.59637,647.7333
371.38538,687.6522,484.57388,720.83307,411.44,760.70166,444.59488,647.6496
371.3646,687.6199,484.597,720.94806,411.42554,760.7512,444.5792,647.6947
371.38538,687.64404,484.5915,720.873,411.45776,760.8343,444.61,647.83527
371.35562,687.7186,484.62646,720.7737,411.3982,760.842,444.5474,647.70593
371.33334,687.7798,484.59558,720.82764,411.41595,760.7448,444.59354,647.7068
371.35764,687.5906,484.60992,720.8227,411.45,760.78076,444.58664,647.6861
371.36505,687.6453,484.57428,720.7674,411.3994,760.7171,444.6267,647.7143
371.36575,687.63513,484.61868,720.82855,411.37927,760.8688,444.56296,647.6765
371.3261,687.6393,484.613,720.8086,411.40277,760.72015,444.63025,647.70056
371.37268,687.71063,484.60977,720.87915,411.40237,760.7867,444.58783,647.76306
371.41937,687.6416,484.63757,720.8564,411.4253,760.819,444.6203,647.7306
371.38986,687.66595,484.61148,720.75336,411.39706,760.69977,444.64163,647.6637
371.34647,687.63367,484.6061,720.858,411.3956,760.6984,444.59885,647.68555
371.35785,687.64386,484.6184,720.7686,411.43094,760.9291,444.6234,647.65344
371.3871,687.6779,484.61725,720.77423,411.39386,760.7161,444.55768,647.68054
371.35434,687.5684,484.63806,720.7888,411.41013,760.70874,444.6149,647.62946
371.39655,687.638,484.63513,720.87195,411.41702,760.8476,444.60745,647.74567
371.3657,687.6573,484.6482,720.8007,411.43652,760.78705,444.59195,647.7253
371.37088,687.68414,484.64905,720.77893,411.41177,760.7136,444.5665,647.6818
371.30777,687.6749,484.58054,720.77527,411.4573,760.7495,444.60443,647.80756
371.33218,687.6237,484.5792,720.8625,411.44708,760.7405,444.61026,647.669
371.36026,687.61597,484.57065,720.8041,411.4069,760.75934,444.60724,647.6935
371.3141,687.70844,484.57614,720.806,411.35342,760.77734,444.5939,647.7365
371.3195,687.6096,484.59204,720.94635,411.41385,760.75195,444.58856,647.73694
371.3508,687.6704,484.58096,720.8347,411.4178,760.7983,444.66946,647.7622
371.33334,687.70703,484.65234,720.85645,411.4031,760.7997,444.61908,647.74634
371.34402,687.68195,484.61102,720.84515,411.40576,760.85583,444.58765,647.6495
371.35474,687.6943,484.56088,720.79944,411.3795,760.8974,444.5975,647.74866
371.36636,687.6384,484.6483,720.85004,411.45593,760.9044,444.59427,647.64545
371.32584,687.6772,484.60898,720.96094,411.43546,760.71857,444.60974,647.7428
371.3557,687.6612,484.60907,720.7727,411.4028,760.80023,444.59406,647.76
371.33737,687.71075,484.64777,720.8107,411.39444,760.72504,444.5491,647.69604
371.33102,687.6685,484.61154,720.85046,411.40262,760.8007,444.62076,647.6512
371.38907,687.6772,484.60217,720.9037,411.3781,760.78735,444.56622,647.7204
371.34283,687.63983,484.65103,720.92175,411.39566,760.7488,444.57877,647.7128
371.38876,687.6112,484.63336,720.8796,411.44812,760.70386,444.59372,647.7306
371.40408,687.6765,484.60324,720.76935,411.46393,760.81555,444.60107,647.742
371.34442,687.6089,484.66904,720.9163,411.41293,760.7367,444.59814,647.6985
371.3593,687.6597,484.64188,720.8466,411.42944,760.7476,444.60974,647.70355
371.37915,687.6342,484.6333,720.82605,411.43622,760.75226,444.60715,647.67255
371.32556,687.6045,484.6251,720.7502,411.38577,760.82007,444.6041,647.78516
371.3397,687.67114,484.57703,720.82715,411.40814,760.859,444.61026,647.7281
371.34958,687.74567,484.58228,720.9656,411.40057,760.7897,444.6009,647.74146
371.29904,687.7092,484.64734,720.841,411.38373,760.7156,444.57724,647.71094
371.31955,687.79755,484.60452,720.8524,411.42325,760.7335,444.60532,647.70044
371.32684,687.63245,484.61017,720.846,411.39984,760.76447,444.62158,647.69714
371.3508,687.6756,484.61493,720.8281,411.35526,760.852,444.59232,647.65814
371.33536,687.7207,484.62714,720.848,411.44083,760.8583,444.63055,647.774
371.30768,687.73096,484.6128,720.85754,411.40402,760.75934,444.59937,647.7493
371.32855,687.74976,484.61737,720.8596,411.44882,760.8689,444.6053,647.64105
371.38187,687.6779,484.604,720.80286,411.438,760.7761,444.5899,647.7148
371.3511,687.6909,484.60553,720.90955,411.44308,760.79156,444.60593,647.7367
371.3825,687.6556,484.59915,720.882,411.38754,760.77716,444.64627,647.7469
371.32376,687.80084,484.59067,720.8032,411.40533,760.7754,444.58304,647.7762
371.3668,687.6553,484.6172,720.82446,411.40674,760.83856,444.5728,647.6981
371.3303,687.71094,484.62115,720.7835,411.40634,760.8529,444.59195,647.72
371.35052,687.6798,484.60468,720.75073,411.39975,760.7995,444.55032,647.7224
371.32886,687.73456,484.62213,720.8426,411.41177,760.7671,444.58896,647.64636
371.3046,687.66376,484.60416,720.79456,411.43185,760.765,444.5999,647.73413
371.3153,687.6376,484.5619,720.80035,411.3769,760.8471,444.57712,647.73315
371.33292,687.5554,484.5535,720.8687,411.42365,760.7675,444.5765,647.74146
371.35187,687.56616,484.6275,720.8608,411.42242,760.7511,444.61444,647.7074
371.33896,687.5907,484.59824,720.81976,411.42905,760.7456,444.5975,647.7522
371.38953,687.63684,484.63617,720.86505,411.3852,760.7323,444.62234,647.6661
371.32828,687.62195,484.59366,720.78265,411.37296,760.78973,444.58194,647.72766
371.3836,687.7022,484.61652,720.8095,411.42206,760.81744,444.63297,647.66693
371.35336,687.6177,484.634,720.802,411.40125,760.88684,444.62766,647.74603
371.37076,687.6743,484.60126,720.79376,411.42218,760.7793,444.60043,647.7557
371.3473,687.6112,484.6247,720.8223,411.4645,760.83215,444.61398,647.70605
371.31985,687.72705,484.59775,720.8492,411.45428,760.7037,444.6092,647.67993
371.3183,687.6804,484.56863,720.88745,411.35083,760.7631,444.60736,647.76086
371.3634,687.7038,484.58914,720.8622,411.37192,760.8165,444.56836,647.8521
371.35974,687.6632,484.6321,720.87915,411.38065,760.8216,444.61008,647.6967
371.36722,687.6254,484.6205,720.80194,411.45108,760.7524,444.60382,647.71356
371.29895,687.6625,484.65512,720.8282,411.35492,760.78033,444.5694,647.7379
371.34442,687.634,484.61844,720.82733,411.38846,760.77075,444.61398,647.70917
371.31207,687.7009,484.57715,721.0038,411.40475,760.7179,444.658,647.6788
371.3518,687.64905,484.62396,720.8393,411.4299,760.75806,444.59027,647.68494
371.36517,687.62616,484.61777,720.8016,411.42014,760.79895,444.59113,647.73126
371.3297,687.6816,484.60043,720.9568,411.3435,760.8834,444.5882,647.7752
371.35788,687.68414,484.60916,720.74304,411.37933,760.87067,444.61157,647.67474
371.39673,687.5981,484.6001,720.7649,411.38977,760.8974,444.6015,647.80096
371.3183,687.6687,484.62265,720.788,411.44418,760.8432,444.59103,647.7824
371.34186,687.63,484.6041,720.875,411.40427,760.83563,444.60043,647.753
371.36157,687.7475,484.62985,720.8166,411.44742,760.8332,444.58493,647.74677
371.35858,687.66437,484.60434,720.7963,411.4227,760.78436,444.59805,647.7171
371.3533,687.73395,484.63693,720.90704,411.44626,760.82196,444.58417,647.6686
371.40363,687.69165,484.6168,720.8638,411.43365,760.758,444.6108,647.73315
371.3696,687.6647,484.59656,720.8687,411.35745,760.85645,444.60406,647.7285
371.3352,687.71295,484.64374,720.7892,411.3859,760.7882,444.59467,647.7508
371.33014,687.69543,484.6454,720.83435,411.40665,760.85156,444.6506,647.6652
371.31934,687.6426,484.6326,720.8261,411.34714,760.7874,444.6063,647.725
371.30402,687.64056,484.60385,720.82904,411.36926,760.7959,444.62506,647.79297
371.3799,687.6625,484.58746,720.8489,411.41147,760.8098,444.5906,647.73193
371.3473,687.61426,484.65207,720.83856,411.42056,760.7756,444.6337,647.7459
371.38245,687.73926,484.60678,720.9192,411.461,760.71783,444.59555,647.7557
371.3296,687.6302,484.63504,720.86206,411.40762,760.81854,444.6308,647.72644
371.38196,687.596,484.60593,720.81445,411.43665,760.7326,444.6603,647.72894
371.34946,687.7983,484.58575,720.9518,411.4019,760.72076,444.58203,647.697
371.36554,687.6574,484.65445,720.82117,411.41183,760.86475,444.60248,647.6718
371.32233,687.7486,484.626,720.8759,411.39066,760.77026,444.61343,647.6767
371.38278,687.6453,484.62598,720.793,411.36914,760.79535,444.55466,647.77466
371.4133,687.59576,484.62057,720.7951,411.4291,760.78076,444.63052,647.7031
371.40976,687.62994,484.64597,720.82947,411.4111,760.7262,444.62042,647.677
371.36813,687.5822,484.55844,720.831,411.405,760.8137,444.5671,647.78534
371.35736,687.7147,484.56976,720.9087,411.37976,760.70233,444.57776,647.7213
371.37387,687.72687,484.6152,720.8268,411.42786,760.7865,444.64822,647.71063
371.3297,687.67334,484.61667,720.8017,411.47675,760.7006,444.5946,647.6843
371.31683,687.6949,484.61255,720.89124,411.39377,760.79285,444.6101,647.7235
371.3244,687.6022,484.6283,720.9171,411.36902,760.71967,444.63483,647.70245
371.40588,687.7008,484.645,720.8017,411.42905,760.8019,444.58005,647.7477
371.32596,687.6667,484.61496,720.86035,411.40762,760.7878,444.5946,647.62415
371.30527,687.7199,484.5917,720.9196,411.37012,760.8518,444.60797,647.70264
371.31625,687.7259,484.64047,720.87415,411.3515,760.76526,444.58875,647.71136
371.31537,687.71765,484.62164,720.95135,411.40744,760.7494,444.58737,647.6306
371.33014,687.7298,484.55603,720.95593,411.35413,760.80383,444.61606,647.76074
371.3158,687.7621,484.60794,720.843,411.37845,760.7737,444.60248,647.65546
371.39352,687.57544,484.64963,720.7394,411.39468,760.77295,444.60892,647.68317
371.33392,687.7178,484.60458,720.8514,411.41327,760.74756,444.61783,647.77496
371.35287,687.71747,484.5925,720.86597,411.4094,760.7358,444.6261,647.7075
371.3329,687.69617,484.62527,720.8045,411.42493,760.87866,444.57895,647.6727
371.369,687.6631,484.63602,720.8542,411.41238,760.8305,444.63785,647.64136
371.34457,687.6606,484.63907,720.8883,411.40964,760.7457,444.61993,647.62036
371.4005,687.74677,484.66306,720.8514,411.4442,760.7282,444.6177,647.69073
371.4012,687.7058,484.575,720.9233,411.4085,760.71204,444.6078,647.707
371.37234,687.6009,484.63696,720.7752,411.3529,760.83276,444.60126,647.7717
371.34225,687.57874,484.6342,720.89923,411.40155,760.74414,444.58487,647.68524
371.29266,687.70386,484.6486,720.82635,411.36453,760.82306,444.63925,647.6768
371.3608,687.70905,484.60135,720.90576,411.43542,760.8188,444.6029,647.6705
371.3284,687.72894,484.5995,720.8202,411.41757,760.74927,444.57217,647.7272
371.35803,687.6957,484.6604,720.8519,411.43826,760.90247,444.62003,647.64874
371.33044,687.6965,484.64957,720.8102,411.37555,760.7663,444.60132,647.7534
371.38943,687.67285,484.6014,720.73566,411.34302,760.75,444.63623,647.72266
371.3968,687.6508,484.59543,720.79877,411.423,760.7678,444.60132,647.7499
371.361,687.7476,484.61682,720.8005,411.45993,760.7498,444.56113,647.71655
371.33463,687.65674,484.61218,720.8198,411.37958,760.81165,444.62485,647.65576
371.34448,687.7037,484.63544,720.88715,411.4108,760.7631,444.6214,647.771
371.32465,687.7274,484.64673,720.87164,411.40674,760.8558,444.6229,647.6839
371.37903,687.79114,484.55994,720.9174,411.42664,760.73517,444.6347,647.6612
371.36047,687.67896,484.6568,720.8576,411.41888,760.84064,444.6239,647.70844
371.35477,687.71735,484.6117,720.84467,411.39523,760.81635,444.6122,647.71625
371.3638,687.5556,484.64136,720.8048,411.35498,760.84265,444.5967,647.7096
371.34225,687.60974,484.62296,720.8413,411.3944,760.8077,444.57327,647.7877
371.41516,687.6814,484.6564,720.7972,411.413,760.86304,444.56305,647.7722
371.31744,687.6635,484.59525,720.807,411.4355,760.7988,444.63174,647.6963
371.34024,687.6191,484.62766,720.8059,411.43866,760.6804,444.6114,647.6378
371.38953,687.6252,484.61884,720.8895,411.3735,760.8799,444.64896,647.7171
371.3342,687.7549,484.5668,720.9681,411.41495,760.83936,444.58203,647.682
371.33664,687.6534,484.62903,720.8846,411.411,760.859,444.6335,647.6808
371.41635,687.623,484.63754,720.88043,411.4,760.7734,444.57303,647.7759
371.33118,687.66626,484.608,720.82654,411.38824,760.83075,444.5948,647.7201
371.3941,687.6817,484.634,720.82324,411.39557,760.76373,444.61804,647.70026
371.31165,687.6992,484.5991,720.8118,411.4172,760.81354,444.61166,647.6328
371.34262,687.761,484.6161,720.81244,411.39,760.78577,444.62616,647.684
371.33984,687.6697,484.63824,720.75134,411.42355,760.731,444.62335,647.67993
371.37094,687.636,484.60034,720.742,411.41162,760.77045,444.60797,647.70044
371.3075,687.66693,484.61786,720.84106,411.4383,760.79663,444.5969,647.75476
371.32236,687.656,484.63846,720.7965,411.39575,760.71875,444.59912,647.7406
371.39236,687.714,484.6166,720.839,411.42096,760.7547,444.62088,647.79913
371.3697,687.65674,484.62033,720.8991,411.41006,760.7595,444.59372,647.7333
371.33536,687.6227,484.61758,720.8086,411.40952,760.8223,444.57993,647.7851
371.3658,687.6597,484.64804,720.8148,411.40707,760.85156,444.5792,647.70264
371.36365,687.65497,484.62747,720.8962,411.42184,760.75287,444.6071,647.753
371.3802,687.6574,484.63855,720.8372,411.35193,760.7806,444.59244,647.7924
371.3342,687.6818,484.6365,720.7116,411.41888,760.7376,444.60327,647.7473
371.30087,687.6264,484.55774,720.7895,411.3865,760.7391,444.57257,647.6894
371.34042,687.6722,484.6586,720.85455,411.40427,760.85455,444.59506,647.6888
371.38815,687.6664,484.6201,720.8248,411.41705,760.8009,444.59866,647.6402
371.32944,687.6667,484.6184,720.8904,411.36804,760.7906,444.5849,647.63916
371.36786,687.6863,484.62244,720.9033,411.37946,760.7405,444.60522,647.6888
371.32855,687.7257,484.6031,720.8034,411.37106,760.79254,444.59195,647.6693
371.32727,687.7161,484.63837,720.78235,411.39902,760.83044,444.59857,647.72
371.30878,687.66174,484.599,720.863,411.40836,760.7459,444.58426,647.6926
371.3151,687.7462,484.64,720.90247,411.42535,760.8019,444.60416,647.6842
371.32755,687.708,484.64426,720.8555,411.40082,760.793,444.63983,647.71375
371.3599,687.66437,484.62207,720.8687,411.42606,760.72754,444.62085,647.761
371.27045,687.74176,484.6346,720.7657,411.40344,760.75165,444.62103,647.6612
371.35425,687.6146,484.66348,720.7751,411.4378,760.7631,444.58087,647.73505
371.36526,687.6664,484.60226,720.8393,411.42148,760.8102,444.59576,647.686
371.34766,687.7157,484.6493,720.81696,411.39838,760.70447,444.58243,647.67474
371.3544,687.6426,484.6026,720.8236,411.4281,760.70996,444.6039,647.73773
371.36386,687.7321,484.58838,720.85,411.3772,760.7,444.59964,647.7263
371.3436,687.6946,484.6208,720.8402,411.40738,760.7926,444.5728,647.7171
371.32584,687.6538,484.61795,720.84344,411.38254,760.7831,444.6069,647.7198
371.39017,687.5978,484.61118,720.8315,411.38342,760.8095,444.61752,647.71625
371.3802,687.6488,484.6518,720.8098,411.40305,760.827,444.58618,647.72266
371.36298,687.71204,484.60675,720.82983,411.4159,760.7548,444.62256,647.7102
371.29178,687.703,484.65027,720.81116,411.36655,760.7716,444.56964,647.7493
371.3504,687.7021,484.64117,720.85297,411.44968,760.76105,444.60898,647.5944
371.37485,687.71234,484.6157,720.8484,411.37326,760.76825,444.65488,647.6991
371.35565,687.6007,484.5914,720.8456,411.40985,760.8209,444.6076,647.7259
371.33868,687.6609,484.59296,720.9292,411.39392,760.79193,444.6048,647.76776
371.36136,687.6794,484.63916,720.8125,411.43326,760.8238,444.60123,647.72754
371.36795,687.67535,484.6031,720.87244,411.436,760.7863,444.65158,647.73584
371.3771,687.61383,484.6159,720.8916,411.45447,760.77606,444.57916,647.76184
371.35397,687.6837,484.61548,720.7761,411.45502,760.71954,444.5845,647.69116
371.37302,687.5869,484.63956,720.83685,411.46277,760.74835,444.59222,647.6935
371.378,687.7044,484.59583,720.8829,411.4481,760.7183,444.62125,647.70355
371.39777,687.6304,484.62073,720.85425,411.45306,760.7786,444.58514,647.70013
371.3528,687.6433,484.65973,720.7655,411.46594,760.77893,444.59796,647.79474
371.36285,687.7257,484.6618,720.8505,411.39484,760.74786,444.61374,647.7477
371.3186,687.6342,484.60678,720.8629,411.42584,760.6906,444.57523,647.7621
371.36368,687.6875,484.62073,720.85504,411.4216,760.73846,444.638,647.62256
371.33087,687.60474,484.62433,720.8663,411.40057,760.78107,444.59726,647.6277
371.37183,687.6403,484.62347,720.8755,411.46332,760.7815,444.61026,647.7148
371.38348,687.6364,484.6262,720.8448,411.48093,760.7741,444.5584,647.79474
371.38156,687.6921,484.6289,720.8629,411.44513,760.7326,444.59396,647.7283
371.38806,687.676,484.5879,720.84216,411.41846,760.7631,444.60574,647.69824
371.32364,687.7037,484.61102,720.8456,411.46204,760.8055,444.56357,647.80444
371.31262,687.7056,484.6334,720.8426,411.43384,760.6777,444.64264,647.674
371.39575,687.6453,484.65872,720.9129,411.45844,760.85516,444.59912,647.6677
371.3368,687.67664,484.60568,720.84753,411.47305,760.69403,444.6181,647.7602
371.35678,687.71265,484.6376,720.8111,411.44897,760.66327,444.61725,647.6801
371.31662,687.6345,484.6005,720.814,411.47012,760.7324,444.58533,647.7627
367.9858,683.6239,480.85434,718.0586,406.99875,757.34467,441.7655,644.4694
346.67252,655.4535,456.45007,698.7484,379.86475,732.03766,423.23175,622.43195
325.5742,622.25024,431.1066,675.0425,351.89224,701.3568,404.77768,595.95776
315.41916,603.8333,418.42838,661.37915,338.0305,683.86774,395.86853,581.2294
303.9922,579.876,403.4733,643.5974,321.9621,661.2661,385.67297,562.18335
296.58154,562.07367,393.16525,630.04816,310.9466,644.2701,378.98282,547.85913
283.195,522.34656,373.05194,599.03174,289.75763,605.43774,366.50583,515.9027
276.21375,494.63788,360.97287,576.98175,277.55466,577.9914,359.77322,493.56226
272.19394,473.65387,352.87994,559.88043,269.5806,556.95056,355.64926,476.6222
269.03815,452.028,345.5571,542.1166,262.28815,535.0991,352.3922,459.01868
268.0737,442.394,342.54184,534.24054,259.52597,525.4661,351.1635,451.32043
267.50964,435.46045,340.55304,528.41815,257.70148,518.42804,350.34015,445.64603
267.013,428.94943,338.6673,523.12823,255.93701,511.8003,349.67126,440.44666
266.62634,422.80252,337.0545,517.849,254.37517,505.44797,349.19037,435.33316
266.51016,420.094,336.3675,515.5798,253.77414,502.70056,348.93826,433.10648
588.65533,455.1856,334.63254,285.27234,273.56177,228.51921,391.53387,224.08043
581.1332,448.41782,332.3163,293.19388,269.98123,237.69963,388.04425,230.81355
583.2415,450.237,333.0545,290.55426,271.10068,234.70206,389.1997,228.70792
604.6613,471.56277,340.46216,267.88553,282.0036,208.37868,400.03943,209.44759
614.95544,483.77792,345.30923,254.71039,288.98074,193.31631,406.98764,198.67003
636.6507,515.74664,359.17636,223.80177,308.397,157.62462,425.498,173.08427
645.397,532.251,367.30704,208.23051,319.51157,139.91656,435.78436,160.49464
659.9384,568.55225,386.94986,176.65266,345.80994,104.1738,459.51288,135.64557
661.3011,578.90625,396.5701,163.25983,358.4864,89.04252,470.84467,125.221985
658.76355,583.734,407.47342,149.36879,372.78198,73.55808,483.35422,114.80094
649.7989,613.7343,438.17007,115.990456,412.56094,36.75708,517.6021,90.40125
635.9192,676.34607,475.4362,84.19966,458.88376,14.463538,557.3203,68.79732
371.36487,687.5885,484.5712,720.82465,411.3858,760.80035,444.58887,647.645
371.35757,687.66534,484.60083,720.9283,411.3996,760.7877,444.5718,647.71185
371.32553,687.72095,484.57315,720.7974,411.39532,760.7722,444.6021,647.65607
354.91772,666.93207,465.98688,706.79553,390.5334,742.33307,430.48138,631.4244
347.35544,656.4956,457.2304,699.4966,380.7749,732.93164,423.81247,623.122
330.0,629.9286,436.57315,680.6463,357.93304,708.4453,408.6789,602.02246
321.85785,615.6644,426.49234,670.29095,346.78934,695.39594,401.4903,590.80286
315.00772,602.7823,417.70877,660.70526,337.41074,683.0069,395.34033,580.4858
307.10733,586.6913,407.53955,648.7293,326.12418,667.9711,388.38843,567.5862
300.70374,572.1075,398.892,637.6403,317.0332,653.9187,382.63504,555.9506
294.97437,557.9632,390.9636,626.75146,308.4416,640.285,377.40286,544.51294
292.0984,549.81903,386.59964,620.5635,303.95578,632.3784,374.77734,538.131
288.39972,539.20245,381.14944,612.19836,298.24777,622.0121,371.39816,529.4862
286.69562,533.9704,378.521,608.1355,295.561,616.8203,369.80707,525.3511
284.03577,525.3856,374.42065,601.36694,291.31778,608.5399,367.3527,518.3605
283.3275,522.606,373.19357,599.23627,289.92984,605.72656,366.6006,516.25195
281.85883,517.48,370.84528,595.25806,287.5034,600.7472,365.2749,512.06055
280.63803,513.0675,368.7878,591.6744,285.4749,596.3407,364.1454,508.56482
279.7769,509.48462,367.3184,588.9048,283.83987,592.8579,363.18295,505.68588
279.127,506.9166,366.15714,586.8698,282.7161,590.22784,362.5835,503.52408
278.84152,505.6755,365.58472,585.8528,282.1299,589.09595,362.30524,502.5572
278.47372,504.27332,364.94736,584.7726,281.5148,587.6131,361.9471,501.36926
278.37106,504.34348,365.03003,584.6012,281.56216,587.56445,361.958,501.35425
278.60834,504.75543,365.2781,585.0916,281.83447,588.1344,362.09616,501.77713
278.78784,505.71335,365.57413,585.7908,282.14563,589.0995,362.27322,502.59338
279.28043,507.5083,366.33084,587.26904,282.97922,590.8171,362.7013,503.93896
280.07257,510.74527,367.75912,589.84125,284.48062,594.0298,363.49408,506.64172
280.50806,512.71014,368.64734,591.3232,285.3347,595.9563,363.98578,508.1526
281.25284,514.9402,369.65915,593.2102,286.3413,598.27985,364.56107,510.02402
282.0701,518.2051,371.16367,595.81104,287.82312,601.401,365.37808,512.5919
282.84616,521.27466,372.48203,598.24146,289.31372,604.35596,366.26218,515.0697
283.49503,523.5456,373.57333,599.907,290.431,606.6658,366.8854,516.87177
284.52344,526.81256,375.23715,602.50385,292.01474,609.89954,367.7606,519.5572
285.55942,530.046,376.63806,605.126,293.59793,613.0063,368.6746,522.2035
286.53925,533.1481,378.2449,607.552,295.25345,616.0236,369.56155,524.67444
287.08154,534.97437,379.04642,608.8903,296.03918,617.8575,370.15256,526.1022
288.18152,538.56287,380.92172,611.73346,297.8911,621.4302,371.2436,529.01306
288.91635,540.98834,382.13904,613.5431,299.21252,623.66016,371.95303,530.9598
290.53857,545.3624,384.22372,617.10596,301.57605,628.04865,373.2753,534.52747
291.2671,547.4109,385.33002,618.6908,302.66046,630.01416,374.06152,536.087
292.0596,549.8459,386.5195,620.5726,303.91647,632.2841,374.7301,538.02014
292.8146,551.9995,387.73245,622.2598,305.19955,634.51575,375.39615,539.8803
293.35968,553.40845,388.4192,623.2796,305.96194,635.83356,376.04257,540.90485
293.71097,554.49884,389.08676,624.2314,306.63095,636.8646,376.32315,541.74713
293.86414,554.75555,389.24673,624.327,306.72842,637.19684,376.4117,542.10077
294.01578,555.1917,389.49594,624.7288,306.99023,637.5917,376.54013,542.3474
294.07108,555.2787,389.47046,624.77356,306.99954,637.69543,376.50577,542.4673
294.04272,555.1319,389.39935,624.72565,306.99075,637.4581,376.50336,542.3128
293.70557,554.34955,389.02023,623.996,306.50995,636.67725,376.23285,541.7844
293.47107,553.8106,388.7588,623.60034,306.28055,636.1601,376.07175,541.29224
293.22058,552.9214,388.27072,622.9054,305.6942,635.4401,375.80347,540.59155
292.82983,552.23914,387.89944,622.3805,305.28363,634.5659,375.45935,539.9923
292.33456,550.77277,387.10757,621.2408,304.40994,633.3088,375.0591,538.8246
291.77893,549.3097,386.29678,620.11053,303.68616,631.7629,374.54053,537.638
291.48788,548.185,385.77402,619.36053,303.10184,630.7901,374.2077,536.86554
290.69263,545.8298,384.48544,617.59143,301.72656,628.4491,373.4291,534.95325
289.88672,543.6208,383.31467,615.7313,300.58655,626.3232,372.7313,533.1085
289.32602,541.84283,382.48862,614.43945,299.6649,624.7215,372.2122,531.7274
288.86752,540.51215,381.8968,613.2232,298.91492,623.29266,371.77698,530.5917
288.3717,539.2528,381.16055,612.244,298.284,621.942,371.39352,529.4729
288.01028,538.09717,380.56552,611.37854,297.6585,620.84015,371.01352,528.52826
287.58594,536.3712,379.83356,610.1492,296.74588,619.3662,370.52844,527.39667
287.06503,535.1802,379.1507,609.04175,296.17538,618.0631,370.1848,526.19934
286.7826,534.4701,378.82278,608.5927,295.74487,617.39453,369.95383,525.7148
286.62952,533.9191,378.46225,608.1355,295.546,616.729,369.75958,525.3243
286.5101,533.48425,378.3362,607.73114,295.28833,616.50916,369.6205,524.96014
286.4838,533.15875,378.23654,607.6053,295.18463,616.1122,369.59824,524.80255
286.5049,533.03143,378.19363,607.5809,295.12863,616.06165,369.509,524.6132
286.47766,533.1972,378.2508,607.61194,295.1914,616.17975,369.6009,524.7446
286.45114,533.4196,378.28082,607.7977,295.27615,616.41644,369.63333,524.8878
286.75293,534.061,378.53598,608.30994,295.62073,616.8786,369.8484,525.3916
286.9141,534.39545,378.81357,608.603,295.77402,617.4435,370.00873,525.68463
287.02426,534.8744,379.10492,608.8347,295.9773,617.8192,370.15723,526.044
287.1952,535.38995,379.24487,609.333,296.31268,618.302,370.20697,526.44403
287.36227,536.2217,379.59738,609.8702,296.67322,618.92596,370.4525,527.0727
287.65073,536.89453,380.0804,610.4839,297.03912,619.7363,370.71982,527.57776
287.71832,537.2798,380.24066,610.814,297.2772,620.20184,370.80734,528.00195
287.91953,537.744,380.37067,611.0537,297.50757,620.60114,370.87064,528.375
288.00702,538.1871,380.6217,611.49274,297.7284,620.939,371.10626,528.7065
288.2969,538.74603,381.0327,611.99725,297.98975,621.6638,371.2506,529.2099
288.40878,539.0299,381.12442,612.0772,298.20346,621.8197,371.3584,529.3652
288.38678,539.2728,381.1529,612.30853,298.27304,622.0627,371.42352,529.52563
288.43347,539.42786,381.24158,612.5802,298.37128,622.2619,371.3632,529.6741
288.5451,539.53955,381.32925,612.6462,298.46362,622.37,371.44046,529.91095
288.5623,539.67566,381.36542,612.60144,298.4658,622.3898,371.42325,529.93414
288.50443,539.6165,381.32938,612.6893,298.42838,622.42395,371.4346,529.9312
288.53287,539.6284,381.35806,612.66376,298.3877,622.42694,371.4549,529.85815
288.5449,539.5505,381.348,612.57983,298.4056,622.3634,371.43286,529.9389
288.48035,539.64966,381.32047,612.60645,298.4181,622.3949,371.43472,529.8656
288.54074,539.53937,381.33484,612.51746,298.457,622.2917,371.38458,529.9098
288.47992,539.55,381.31747,612.5234,298.41632,622.2907,371.42795,529.85736
288.51443,539.4772,381.3123,612.5474,298.37082,622.3304,371.42178,529.8566
288.50955,539.44147,381.2615,612.6219,298.41962,622.3339,371.4186,529.8547
288.47757,539.4439,381.28656,612.5581,298.47964,622.2584,371.4384,529.77576
288.5147,539.4223,381.22882,612.5903,298.38022,622.2272,371.41714,529.797
288.41702,539.38617,381.2835,612.5325,298.41785,622.28955,371.40378,529.7205
288.49533,539.39795,381.3042,612.4563,298.39575,622.19476,371.41382,529.7011
288.46558,539.40607,381.27728,612.5241,298.40558,622.1693,371.37482,529.647
288.40524,539.37714,381.27664,612.45123,298.37885,622.21564,371.3878,529.667
288.42087,539.34595,381.28915,612.40454,298.3811,622.1619,371.3971,529.6519
288.39105,539.4146,381.28818,612.42413,298.33853,622.1966,371.39407,529.6214
288.4061,539.3601,381.22604,612.42804,298.35883,622.1321,371.42795,529.6099
288.4342,539.29694,381.2407,612.3971,298.40274,622.09436,371.36703,529.6291
288.42236,539.2437,381.215,612.45044,298.35184,622.0964,371.37604,529.59534
288.3706,539.3363,381.22324,612.402,298.3913,622.1263,371.38248,529.66864
288.42563,539.2409,381.24536,612.4018,298.34338,622.0528,371.40067,529.56055
288.47336,539.24207,381.22958,612.3834,298.39078,622.0589,371.3832,529.6168
288.4364,539.25446,381.1951,612.41656,298.2616,622.1183,371.41248,529.51984
288.43597,539.1972,381.18268,612.32776,298.25516,622.15533,371.39786,529.5392
288.36584,539.2645,381.19318,612.3986,298.34076,622.0245,371.41577,529.55133
288.40918,539.2411,381.18195,612.34894,298.31772,622.108,371.4278,529.57947
288.3712,539.26654,381.13617,612.41486,298.347,622.0704,371.4185,529.5356
288.39438,539.2529,381.14252,612.42487,298.30197,622.08344,371.4233,529.5404
288.39447,539.28,381.1524,612.40717,298.26764,622.11664,371.4261,529.58704
288.34134,539.3188,381.1963,612.33,298.25504,622.11633,371.411,529.5232
288.38245,539.28955,381.21008,612.3657,298.3483,622.0547,371.4211,529.54407
288.41492,539.28503,381.21008,612.3598,298.34995,622.0819,371.35437,529.5986
288.46844,539.2646,381.18018,612.41266,298.26508,622.1314,371.40875,529.62036
288.3628,539.3092,381.1396,612.4617,298.3593,622.08636,371.40262,529.562
288.3726,539.26605,381.17767,612.43506,298.34875,622.07117,371.42865,529.5467
288.38092,539.3011,381.15234,612.38654,298.30673,622.0958,371.3773,529.56354
288.35638,539.3225,381.18454,612.39,298.35202,622.07965,371.40622,529.5788
288.39108,539.2958,381.18146,612.39655,298.30548,622.11566,371.42062,529.55084
288.39868,539.3124,381.2058,612.33136,298.30298,622.1209,371.40912,529.5783
288.4413,539.2211,381.20746,612.3686,298.35486,622.0708,371.4031,529.56396
288.4267,539.26227,381.2187,612.3602,298.3586,622.1369,371.425,529.55566
288.38855,539.2994,381.1871,612.3733,298.29047,622.02356,371.4146,529.5351
288.43924,539.20325,381.21652,612.3854,298.31488,622.09424,371.4415,529.5281
288.42236,539.19086,381.17053,612.4261,298.26352,622.0518,371.3994,529.54724
288.38046,539.3006,381.19855,612.3377,298.30383,621.98444,371.44922,529.51355
288.4076,539.23303,381.17535,612.30945,298.2328,622.03485,371.38788,529.58203
288.42087,539.22614,381.19946,612.3368,298.2808,622.0723,371.42615,529.54236
288.40048,539.26044,381.1493,612.40826,298.26578,622.1119,371.41916,529.5208
288.36984,539.32,381.201,612.3594,298.28693,621.9778,371.4155,529.5361
288.40442,539.2601,381.20462,612.30695,298.27985,622.1019,371.41772,529.5174
288.38666,539.27313,381.19537,612.3359,298.30054,622.00446,371.4188,529.5589
288.37393,539.2329,381.17084,612.3876,298.24164,622.05853,371.42828,529.5586
288.36322,539.2656,381.17868,612.3379,298.30972,622.0455,371.43356,529.5757
288.34695,539.3084,381.14105,612.4008,298.31265,622.0813,371.41638,529.5589
288.44232,539.206,381.19882,612.31433,298.31833,622.033,371.43198,529.5671
288.39502,539.25256,381.18466,612.3498,298.31265,622.0758,371.35938,529.5548
288.3957,539.28314,381.16885,612.3436,298.25323,622.1425,371.40738,529.57275
288.38837,539.2598,381.20337,612.36584,298.29678,622.0316,371.39853,529.5723
288.35876,539.3432,381.21198,612.379,298.3046,622.08484,371.43085,529.5813
288.32675,539.2891,381.17355,612.38934,298.32205,622.02405,371.4117,529.52686
288.44455,539.23676,381.15955,612.3845,298.30557,622.00446,371.42325,529.56464
288.40347,539.26056,381.17474,612.28973,298.24966,622.1047,371.4003,529.5363
288.40393,539.2657,381.16547,612.3973,298.25446,622.0353,371.4023,529.5715
288.3799,539.2706,381.19537,612.40027,298.29984,622.1095,371.4044,529.653
288.41434,539.24347,381.16083,612.44556,298.2613,622.1454,371.40717,529.5788
288.46063,539.30927,381.22095,612.3689,298.32858,621.9898,371.39313,529.5618
288.3504,539.2969,381.1932,612.3406,298.3073,622.0812,371.36972,529.58466
288.42075,539.22815,381.15915,612.3852,298.28207,622.06195,371.42062,529.55084
288.4328,539.26556,381.2261,612.33484,298.23996,622.08264,371.38873,529.6385
288.38623,539.21954,381.19052,612.4448,298.25748,622.07495,371.38858,529.5523
288.4109,539.2805,381.18048,612.46674,298.30362,622.0843,371.4154,529.5846
288.37164,539.2975,381.22388,612.3701,298.33554,622.01245,371.39117,529.5686
288.45935,539.2491,381.22156,612.33075,298.3735,622.0854,371.39487,529.56104
288.45233,539.243,381.19583,612.3246,298.35086,622.09436,371.43597,529.60187
288.40076,539.2919,381.142,612.49866,298.3576,622.0262,371.4029,529.5574
288.3808,539.21875,381.19336,612.36993,298.27377,622.0688,371.38596,529.5148
288.42322,539.2542,381.1952,612.308,298.26874,622.0585,371.4155,529.5327
288.38596,539.2295,381.23053,612.3293,298.31863,622.03656,371.451,529.4785
288.4144,539.21234,381.1902,612.3695,298.29395,622.07135,371.36813,529.5789
288.45624,539.27747,381.19928,612.3768,298.25714,622.11224,371.39767,529.6247
288.38004,539.24835,381.13507,612.3929,298.29752,622.04504,371.38806,529.5993
288.37372,539.29346,381.14163,612.3341,298.2983,622.0054,371.40756,529.56525
288.4275,539.24554,381.16592,612.31415,298.3072,622.05084,371.43176,529.52466
288.3603,539.341,381.1758,612.31537,298.35748,622.05115,371.38446,529.60144
288.39737,539.26337,381.16476,612.35223,298.3262,622.0811,371.4196,529.5504
288.4422,539.2321,381.1833,612.348,298.30417,622.0929,371.38525,529.57983
288.39026,539.2655,381.10895,612.4394,298.34503,621.99646,371.39407,529.57294
288.36908,539.2999,381.16895,612.3692,298.31714,622.02136,371.42166,529.5261
288.44263,539.2698,381.18793,612.36316,298.29553,622.0424,371.424,529.52277
288.41727,539.28973,381.20905,612.2982,298.31772,622.09326,371.44653,529.54376
288.39307,539.29315,381.15604,612.40765,298.2722,622.05084,371.41617,529.54895
288.41565,539.2741,381.14722,612.37256,298.28354,622.10284,371.43555,529.5465
288.4673,539.23364,381.18396,612.31854,298.27692,622.07416,371.4262,529.5186
288.41266,539.26044,381.21405,612.36505,298.30316,622.04144,371.38693,529.5128
288.37653,539.2803,381.20645,612.37024,298.32678,622.0499,371.41928,529.5831
288.3956,539.28955,381.18115,612.30664,298.28787,622.0205,371.42575,529.52106
288.3665,539.26935,381.17947,612.38574,298.31653,622.0633,371.44333,529.5562
288.40863,539.2727,381.14084,612.3612,298.31982,622.0,371.41812,529.55084
288.3451,539.3098,381.17905,612.33545,298.32013,622.02716,371.40863,529.56036
288.3484,539.2985,381.2095,612.29865,298.28113,622.04596,371.4305,529.5336
288.37448,539.27264,381.18613,612.3084,298.32352,622.0513,371.43106,529.5942
288.4123,539.27203,381.16153,612.3417,298.30792,622.0428,371.42526,529.5138
288.41605,539.30255,381.22485,612.3422,298.3103,622.0499,371.43237,529.4831
288.41638,539.252,381.1795,612.3282,298.26215,622.0232,371.3938,529.55286
288.42062,539.2515,381.19656,612.2908,298.29385,621.9746,371.4482,529.5339
288.36182,539.27264,381.18527,612.37555,298.31744,622.0205,371.44046,529.52856
288.40582,539.2624,381.22714,612.2819,298.30508,622.03345,371.41925,529.49756
288.4663,539.2582,381.14078,612.40546,298.22296,622.01654,371.415,529.53314
288.36572,539.28827,381.16742,612.319,298.28973,622.02637,371.41852,529.55774
288.3343,539.36395,381.1519,612.3802,298.29196,622.03485,371.4475,529.51624
288.44012,539.2596,381.17755,612.3547,298.3474,621.9742,371.42117,529.4913
288.38992,539.3429,381.15567,612.3964,298.30093,622.0214,371.3812,529.54755
288.43784,539.21075,381.15448,612.3521,298.27856,622.05225,371.39532,529.5867
288.41605,539.2655,381.202,612.29486,298.31613,621.9529,371.4224,529.5655
288.4222,539.2769,381.16953,612.31415,298.2168,622.05457,371.4305,529.6273
288.42035,539.25024,381.1911,612.3368,298.28348,622.0446,371.4185,529.51526
288.3338,539.2967,381.19727,612.3474,298.3418,622.0138,371.43155,529.51086
288.43152,539.22723,381.12225,612.44025,298.23807,622.00757,371.39816,529.5655
288.42624,539.25244,381.2031,612.3603,298.32428,622.00714,371.42276,529.5351
288.44476,539.2598,381.19638,612.3456,298.28806,621.9938,371.43423,529.5053
288.456,539.2556,381.1905,612.2896,298.25046,622.0415,371.42053,529.55084
288.42648,539.2612,381.1906,612.4081,298.29584,622.03436,371.41763,529.5422
288.47104,539.2252,381.16977,612.3295,298.2882,621.9697,371.43735,529.5133
288.35843,539.3288,381.19336,612.34906,298.2735,621.92474,371.41714,529.5422
288.3759,539.26886,381.14136,612.42725,298.2266,622.0515,371.39417,529.58154
288.37308,539.27734,381.17136,612.30646,298.24286,621.9996,371.41315,529.50604
288.40872,539.23737,381.20987,612.31323,298.28162,622.07733,371.3479,529.57825
288.40244,539.2894,381.18994,612.32684,298.2854,622.08484,371.43237,529.5594
371.38358,687.60345,484.60626,720.8451,411.4162,760.8455,444.59982,647.76
362.4231,676.722,474.57565,713.40247,400.06592,751.13306,436.93127,639.05457
346.02902,654.5671,455.61435,698.16425,379.0356,731.0968,422.64587,621.668
332.7684,634.3079,439.95074,683.88416,361.58524,712.5785,411.0895,605.6557
320.27933,613.00635,424.63156,668.31775,344.74054,692.6813,400.20837,588.65625
312.71747,598.5025,414.86118,657.4963,334.30255,678.9495,393.41934,576.9719
303.04,577.5131,402.00134,641.7453,320.2986,659.03094,384.72504,560.2584
298.6377,566.98114,395.96405,633.81885,313.95825,649.04834,380.78574,551.89264
296.3289,560.9475,392.69638,629.16437,310.31335,643.26794,378.53378,547.10736
294.2209,555.91705,389.8316,625.10864,307.30005,638.2837,376.80402,542.94696
292.83557,551.95496,387.7024,622.15967,305.19302,634.3922,375.3711,539.9489
291.61258,548.7119,386.09305,619.72943,303.42667,631.3136,374.40057,537.2499
290.34277,544.63214,383.9515,616.57135,301.1836,627.3361,373.1171,533.9489
289.5907,543.0672,383.09198,615.17175,300.19144,625.81213,372.56677,532.5551
288.95425,540.77124,382.00092,613.51904,299.03833,623.6197,371.88794,530.7681
288.53592,539.65717,381.3609,612.6254,298.448,622.4569,371.4549,529.9151
288.21255,538.5787,380.92337,611.78955,297.86172,621.4353,371.2316,529.125
287.90637,537.6559,380.37228,610.9968,297.41525,620.5375,370.8606,528.34076
287.70352,537.0951,380.1824,610.6434,297.26022,619.9143,370.78662,527.7895
287.52945,536.67664,379.9868,610.3485,296.84277,619.7052,370.6591,527.44775
287.511,536.58075,379.90314,610.1646,296.86337,619.4339,370.563,527.41034
287.49017,536.5389,379.8847,610.1271,296.81192,619.3615,370.56775,527.3911
287.543,536.57245,379.95505,610.1317,296.87515,619.3865,370.60532,527.4397
287.53897,536.6015,379.93713,610.2141,296.80984,619.6072,370.6287,527.45905
287.54773,536.86835,380.03992,610.3716,296.90503,619.69995,370.72443,527.541
287.6815,536.9611,380.09058,610.56396,297.06262,619.8976,370.77148,527.7401
287.6632,537.20905,380.19382,610.7252,297.19098,620.0268,370.79022,527.8869
287.8298,537.6137,380.31085,610.94305,297.3685,620.35156,370.85916,528.24976
287.93823,537.7478,380.3843,611.1173,297.51917,620.6145,370.94873,528.3656
287.99533,537.9725,380.5098,611.2283,297.63324,620.7527,371.0363,528.4548
288.02057,538.1468,380.6469,611.56024,297.7394,621.06604,371.0583,528.8101
288.20798,538.5279,380.89203,611.804,297.87473,621.3385,371.25543,528.97394
288.2929,538.7337,381.02316,611.955,297.9101,621.61774,371.21436,529.2032
288.3665,539.06476,381.08813,612.18585,298.1903,621.7612,371.34045,529.3516
288.45673,539.263,381.18655,612.34045,298.3093,621.927,371.40854,529.5866
288.49814,539.3533,381.26047,612.5318,298.36655,622.2371,371.3798,529.7305
288.57275,539.69684,381.34683,612.70685,298.55997,622.4431,371.4353,530.06396
288.6539,539.86176,381.45212,612.76306,298.5736,622.72034,371.50726,530.16345
288.67432,540.1118,381.5468,612.99316,298.7389,622.86255,371.67328,530.34265
288.6673,540.2787,381.6481,613.0,298.7471,622.89777,371.74203,530.36957
288.7549,540.3702,381.74683,613.123,298.86115,623.08875,371.74686,530.47296
288.84824,540.3166,381.77707,613.25793,298.80383,623.2488,371.80878,530.5157
288.87955,540.5224,381.85196,613.2911,298.93457,623.25146,371.7944,530.5367
288.90088,540.6185,381.9062,613.43805,298.96533,623.3317,371.8002,530.57965
288.90787,540.61975,381.9401,613.3636,298.94626,623.3277,371.78616,530.655
288.88785,540.59674,381.90546,613.38226,298.92615,623.3581,371.7721,530.6074
288.9332,540.6119,381.8909,613.3791,298.94296,623.3859,371.79337,530.55396
288.83,540.5864,381.8567,613.3635,298.93326,623.30396,371.81958,530.5567
288.80878,540.5096,381.79016,613.3132,298.984,623.2679,371.78165,530.56134
288.77045,540.34454,381.7517,613.1548,298.85034,623.16876,371.74008,530.48456
288.75397,540.21185,381.64996,613.11426,298.8017,623.0605,371.72937,530.3951
288.698,540.14307,381.6588,612.97736,298.745,622.9457,371.7312,530.2828
288.66043,540.089,381.5295,612.9473,298.71796,622.8141,371.70618,530.20905
288.59973,540.0024,381.4763,612.9786,298.59946,622.78723,371.5444,530.097
288.58472,539.8864,381.39398,612.79706,298.5804,622.67395,371.49225,530.07605
288.52194,539.6242,381.31775,612.5892,298.4789,622.3634,371.426,529.951
288.4492,539.4806,381.256,612.5398,298.4025,622.2717,371.3677,529.8901
288.4152,539.29333,381.2119,612.44836,298.3118,622.16034,371.3886,529.6479
288.43646,539.20514,381.18594,612.2762,298.30273,621.9706,371.4066,529.52466
288.3377,538.9705,381.10114,612.0476,298.14127,621.87036,371.29703,529.33496
288.32016,538.6817,381.01816,611.95233,297.90353,621.70746,371.2535,529.1519
288.27176,538.7072,380.96597,611.82715,297.85028,621.6508,371.23465,529.08417
288.2426,538.60986,380.94833,611.78253,297.8619,621.41516,371.1823,529.1726
288.1854,538.5389,380.9334,611.76855,297.87616,621.4318,371.26825,529.0324
288.19345,538.46466,380.8539,611.7264,297.8875,621.30505,371.21622,528.9411
288.1755,538.4735,380.898,611.7516,297.92194,621.2155,371.16116,529.02814
288.15118,538.484,380.79608,611.70844,297.8555,621.25256,371.24152,528.9879
288.2003,538.4113,380.76398,611.73486,297.82602,621.34973,371.20554,529.0058
288.1808,538.4309,380.83182,611.7085,297.8262,621.2567,371.2209,528.9473
288.1744,538.5485,380.8908,611.7834,297.92236,621.3013,371.21133,529.03735
288.26877,538.5352,380.94418,611.81396,297.8575,621.38513,371.19153,529.1881
288.3005,538.6169,381.0041,611.81445,297.93713,621.551,371.26062,529.0405
288.3041,538.7495,381.05713,611.927,297.9224,621.69403,371.2476,529.1812
288.3165,538.8499,381.04315,611.99274,298.02502,621.76013,371.27905,529.31696
288.35562,538.9238,381.06033,611.99,298.13968,621.805,371.30875,529.2947
288.41324,538.92303,381.06992,612.0454,298.17535,621.82196,371.31598,529.33594
288.38953,539.02765,381.12546,612.13727,298.2009,621.875,371.28778,529.38666
288.3697,539.0828,381.10013,612.17114,298.1822,621.9557,371.2912,529.4939
288.40298,539.1323,381.10913,612.221,298.24,621.9016,371.36157,529.45355
288.25626,539.3011,381.1183,612.30707,298.2508,621.9973,371.37543,529.56824
288.34833,539.2194,381.20734,612.2413,298.27866,621.96436,371.41138,529.60565
288.35617,539.2886,381.21313,612.27826,298.23544,622.0197,371.39508,529.5029
288.44647,539.2342,381.17334,612.41626,298.30124,622.0169,371.44214,529.5414
288.39276,539.3594,381.17905,612.3341,298.3049,622.0741,371.41046,529.5455
288.48788,539.21643,381.16962,612.3897,298.29648,622.08203,371.40814,529.5749
288.42816,539.23956,381.16788,612.4236,298.35245,622.0084,371.4097,529.5627
288.43384,539.23096,381.17398,612.30585,298.32053,622.1071,371.40814,529.5831
288.4408,539.2634,381.21503,612.311,298.24887,622.0348,371.42865,529.5104
288.41,539.2043,381.21774,612.3119,298.3133,622.02496,371.43002,529.5395
288.46054,539.2139,381.2067,612.34045,298.29147,622.1033,371.41754,529.5713
288.42175,539.29004,381.14642,612.382,298.25848,622.0125,371.41376,529.5465
288.42957,539.23395,381.16772,612.37366,298.278,621.9683,371.41357,529.52545
288.4473,539.2904,381.2021,612.3113,298.3061,622.0134,371.4297,529.5766
288.45816,539.2422,381.21423,612.29395,298.25412,622.01654,371.40204,529.5718
288.3613,539.2338,381.1842,612.3462,298.25815,621.99866,371.38254,529.5772
288.40628,539.2746,381.17014,612.32214,298.23477,622.03674,371.36374,529.5606
288.3002,539.328,381.15024,612.33093,298.28284,622.0156,371.424,529.5387
288.39877,539.269,381.15472,612.3162,298.2482,621.9589,371.38846,529.55725
288.43204,539.2821,381.16946,612.30084,298.25638,622.02057,371.42227,529.5356
288.47385,539.2161,381.1934,612.3207,298.27704,622.0554,371.4169,529.6132
288.39194,539.24615,381.21384,612.2776,298.27655,622.04236,371.40765,529.55743
288.43976,539.29065,381.14188,612.3806,298.2473,622.03973,371.4307,529.4925
288.39963,539.27814,381.17242,612.409,298.26642,622.09076,371.42538,529.5436
288.41888,539.20056,381.21042,612.2977,298.28693,622.05133,371.40088,529.60736
288.40546,539.28534,381.13705,612.41986,298.30762,622.058,371.39264,529.50824
288.39026,539.273,381.20953,612.3601,298.3155,622.08124,371.41873,529.6118
288.39822,539.28516,381.14987,612.3615,298.31863,622.004,371.38962,529.59875
288.44186,539.19946,381.20517,612.3175,298.2789,622.0326,371.39874,529.5017
288.34555,539.2742,381.1922,612.33,298.31488,622.09247,371.41647,529.56226
288.38574,539.2994,381.1728,612.34283,298.29532,622.008,371.4327,529.5552
288.42215,539.2155,381.1727,612.33,298.24966,622.0366,371.40195,529.61066
288.42154,539.25433,381.1865,612.35345,298.30084,622.1068,371.41425,529.5673
288.38144,539.2404,381.1685,612.3574,298.21436,622.1372,371.4031,529.5635
288.4015,539.27814,381.16302,612.3638,298.3335,621.988,371.37033,529.5618
288.4119,539.2779,381.18454,612.41364,298.28687,622.11084,371.4272,529.5419
288.38385,539.2975,381.17123,612.5164,298.3271,622.0802,371.41144,529.5455
288.40244,539.29407,381.2039,612.33215,298.32382,622.0557,371.4155,529.56464
371.28278,687.79346,484.62238,720.8613,411.3546,760.73425,444.60663,647.6547
371.29675,687.6729,484.6091,720.8352,411.3762,760.72534,444.60205,647.72906
371.4084,687.6357,484.61,720.80084,411.38596,760.8385,444.56613,647.63403
350.69962,661.3789,461.19083,702.83936,385.16284,737.2128,426.7692,626.9661
331.19644,631.93616,438.08667,681.98706,359.5507,710.3462,409.8224,603.6772
303.35156,578.35297,402.57422,642.4044,320.92804,659.8386,385.02518,560.9663
371.34534,687.7063,484.58258,720.7961,411.38742,760.7233,444.62323,647.74646
371.3421,687.6082,484.61224,720.788,411.40042,760.7693,444.5785,647.6948
371.39273,687.6376,484.6147,720.81946,411.38696,760.73425,444.55313,647.7152
371.27628,687.7128,484.61722,720.7473,411.46713,760.87225,444.59476,647.78204
367.9504,683.64984,480.79077,718.0855,407.0642,757.261,441.69092,644.44037
355.64505,667.84235,466.78183,707.4203,391.36935,743.1437,431.00223,632.15686
344.31525,652.2658,453.70456,696.421,376.8557,728.96655,421.17957,619.801
329.731,629.4803,436.23996,680.28534,357.55502,708.0258,408.48602,601.66516
313.87936,600.54047,416.41336,659.1346,335.70084,681.0855,394.3888,578.76166
305.3208,582.6558,405.0111,645.57574,323.59164,663.91095,386.74307,564.27295
297.3418,563.77783,394.1421,631.34064,312.00394,645.85443,379.5515,549.2228
290.44522,545.26544,384.2203,617.0168,301.49734,627.9192,373.2672,534.3245
283.5684,523.7142,373.62408,600.12915,290.4407,606.80145,366.83545,517.1084
279.89435,510.26086,367.57883,589.466,284.19296,593.56305,363.37775,506.25183
273.71457,482.16373,356.1511,566.9268,272.6031,565.6186,357.30325,483.55212
271.36783,468.16284,350.97498,555.50543,267.67764,551.5423,354.77737,472.14206
269.6919,456.7523,347.07828,546.14185,263.8281,540.03937,352.93228,462.93683
268.04538,443.51184,342.86298,535.1279,259.8243,526.5592,351.23743,452.19012
267.424,434.70282,340.32437,527.84546,257.36948,517.5533,350.2781,445.03375
267.3226,433.39856,339.90442,526.8487,257.06433,516.3347,350.13736,443.9785
267.2333,432.89108,339.7833,526.3099,256.86954,515.74695,350.0893,443.5949
267.69153,438.48376,341.48416,531.0154,258.4379,521.4203,350.6106,448.16208
268.02368,442.69904,342.66077,534.4014,259.58606,525.7554,351.1212,451.56058
268.48627,446.04965,343.62573,537.273,260.5186,529.22284,351.54553,454.2911
270.12866,460.34756,348.3365,549.0998,264.96814,543.7557,353.5171,465.92456
270.58167,463.84677,349.44214,551.9511,266.02405,547.131,354.03085,468.75064
272.66364,476.1756,353.84402,561.9953,270.35797,559.64386,356.14407,478.69135
273.77704,482.42212,356.2238,567.0342,272.696,565.8867,357.32935,483.7738
275.29333,490.35477,359.30737,573.51447,275.83167,573.7962,358.87848,490.22958
277.0943,498.6559,362.611,580.2508,279.20517,581.98096,360.6292,496.89355
278.3844,503.79877,364.7237,584.402,281.42166,587.2373,361.88226,501.05075
280.846,513.57153,369.14484,592.1508,285.64755,596.92236,364.2246,508.79794
282.37482,519.4827,371.75195,596.73956,288.49194,602.6537,365.6984,513.667
285.53348,530.0014,376.56232,605.11914,293.5184,613.0664,368.65387,522.1796
287.40723,536.10144,379.57285,609.8166,296.69205,618.90564,370.3968,527.0928
290.62952,545.8445,384.45004,617.52313,301.68307,628.5091,373.40723,534.90314
294.4898,556.5648,390.23615,625.7476,307.67224,638.7987,377.05884,543.3416
296.31247,561.23645,392.7858,629.3372,310.4576,643.3588,378.59656,547.2276
299.61868,569.78577,397.52744,635.8407,315.59076,651.5772,381.7939,554.10236
301.86752,574.87946,400.49866,639.77405,318.67688,656.55383,383.68497,558.1211
302.8901,577.13416,401.85275,641.5556,320.15665,658.71497,384.59415,559.9264
304.3652,580.55426,403.86844,644.1716,322.26495,662.0969,385.96185,562.69305
306.74692,586.0101,407.0773,648.19415,325.86914,667.1048,388.11432,567.095
308.13153,588.91016,408.85663,650.35974,327.73062,669.82935,389.27704,569.2873
308.3999,589.50134,409.39285,650.75574,328.16992,670.57477,389.6046,569.87354
308.43762,589.51685,409.3615,650.9013,328.19125,670.58673,389.65744,569.888
307.9559,588.69135,408.77072,650.21466,327.56073,669.7122,389.23016,569.15735
306.7115,585.6226,406.89496,647.906,325.59436,666.8956,387.9788,566.8082
305.4719,583.19385,405.39734,646.05023,324.0513,664.4026,386.95053,564.70276
303.51263,578.6927,402.72473,642.68506,321.15945,660.2626,385.16296,561.2707
302.80176,577.0069,401.73276,641.3771,320.0939,658.51654,384.48462,559.83405
300.1461,570.7439,398.07425,636.614,316.15253,652.59955,382.12036,554.86725
298.60544,566.9068,395.96228,633.7678,313.89655,648.9329,380.7314,551.91046
294.6027,556.91266,390.37527,625.9142,307.8943,639.29236,377.1653,543.7062
292.81815,552.0758,387.8322,622.27875,305.2641,634.46387,375.44574,539.88617
290.43945,545.3661,384.23004,617.03674,301.60757,627.9405,373.32242,534.40375
288.77008,540.3075,381.799,613.1697,298.83978,623.1185,371.72424,530.509
287.26263,535.30994,379.27243,609.2938,296.28946,618.3265,370.14688,526.45575
285.59192,530.265,376.76364,605.39764,293.66086,613.4291,368.73447,522.38934
283.67484,524.0551,373.8069,600.38806,290.6914,607.03625,367.0073,517.2651
282.4521,519.91364,371.89444,597.17896,288.57104,602.99097,365.8415,513.9692
280.24384,511.3949,368.12683,590.2998,284.6758,594.5565,363.67532,507.0407
278.7588,505.55414,365.5705,585.63403,282.08084,588.9687,362.2405,502.46426
278.00714,502.59857,364.2361,583.2704,280.7805,585.9494,361.5501,500.0
277.4817,500.31793,363.33163,581.4147,279.8814,583.6021,361.03323,498.21725
277.19504,499.27103,362.90247,580.62054,279.4081,582.6101,360.86548,497.32443
277.23785,499.10608,362.8498,580.5137,279.3376,582.5839,360.81247,497.25632
277.36493,499.45737,362.97345,580.90216,279.50317,582.9212,360.84924,497.5111
277.53787,500.54645,363.3987,581.6399,280.01544,583.9814,361.0662,498.3419
277.74335,501.4516,363.74918,582.4134,280.315,584.76044,361.2485,498.99554
278.03598,502.62186,364.32593,583.2922,280.79764,586.1275,361.57877,500.02173
278.46463,504.43665,365.1156,584.8482,281.62256,587.9153,361.98666,501.6268
279.15207,506.94553,366.19156,586.86316,282.70068,590.4023,362.58008,503.63776
280.48126,512.45276,368.51178,591.1832,285.2139,595.7712,363.90466,507.9607
281.30838,515.3344,369.89307,593.3915,286.52158,598.51935,364.6351,510.3438
282.91092,521.07733,372.45392,598.1341,289.32047,604.2706,366.1836,515.01807
283.60754,523.97925,373.82974,600.3254,290.56354,607.0135,366.92776,517.32697
285.05557,528.5285,376.04794,603.931,292.74966,611.5843,368.23834,520.95245
286.08237,531.97144,377.52448,606.599,294.57684,614.7891,369.19122,523.6785
287.98416,537.7358,380.42798,611.1162,297.52167,620.64136,370.93066,528.435
289.37704,542.06793,382.53705,614.54614,299.73758,624.8277,372.26166,532.0029
290.30066,544.8735,384.05875,616.78595,301.3013,627.4962,373.17197,534.15894
291.097,547.09467,385.15845,618.44727,302.41254,629.69824,373.95154,535.7668
291.76044,548.9141,386.198,619.84357,303.5223,631.47546,374.43555,537.3887
292.12778,549.9024,386.6593,620.63135,304.07684,632.405,374.80826,538.21814
292.37598,550.5221,386.9982,621.03345,304.35736,633.06104,375.01395,538.60364
292.24872,550.1815,386.79584,620.8716,304.1189,632.6686,374.90598,538.364
291.87872,549.54803,386.37692,620.32355,303.8206,632.0252,374.68918,537.8022
291.5923,548.6146,386.01535,619.61096,303.33496,631.25555,374.3375,537.03174
291.3868,547.8224,385.59186,618.9964,302.8491,630.5646,374.1194,536.5041
290.8,546.4056,384.86624,617.7813,302.0387,629.0494,373.61752,535.38007
290.62546,545.66034,384.4077,617.37415,301.69907,628.2943,373.38333,534.82495
290.28305,544.98175,384.11072,616.64886,301.36456,627.49274,373.15363,534.1266
289.9169,543.72406,383.3584,615.876,300.57428,626.3805,372.7518,533.10724
289.27316,541.84283,382.46057,614.4305,299.6395,624.6725,372.2054,531.6443
288.89438,540.54346,381.88724,613.25586,298.98843,623.32324,371.81775,530.5347
288.50186,539.78375,381.38443,612.6856,298.53305,622.4723,371.47778,529.95264
288.39655,539.0267,381.08295,612.12854,298.123,621.88196,371.36157,529.31604
287.87155,537.75104,380.38406,611.0884,297.52426,620.5803,370.9215,528.4002
287.67868,537.0604,380.13104,610.6583,297.22412,619.96967,370.78534,527.8143
287.63586,536.7666,380.00955,610.3997,296.93353,619.70917,370.69815,527.56104
287.57422,536.7106,379.9288,610.34644,296.8467,619.66,370.68716,527.50653
287.52573,536.7007,379.9895,610.35297,296.82672,619.6374,370.69193,527.4317
287.60236,537.02124,380.02768,610.42535,297.03906,619.6985,370.71692,527.57587
287.63928,537.0174,380.1374,610.67413,297.09875,619.8874,370.73624,527.79083
287.78336,537.4713,380.22208,610.87006,297.39307,620.3277,370.83707,528.25555
287.91632,537.6246,380.40118,611.0551,297.49643,620.5592,370.88147,528.3425
287.95737,538.12836,380.54947,611.43774,297.65817,620.92224,371.03238,528.529
288.07715,538.2684,380.70242,611.54156,297.78958,621.0894,371.13107,528.8733
288.24554,538.5767,380.87604,611.88654,297.898,621.44366,371.22293,529.0609
288.30658,538.72327,381.04266,611.9546,297.94696,621.6818,371.23886,529.1662
288.32507,538.8737,381.04544,611.9823,298.0876,621.79535,371.3106,529.2134
288.35406,538.9537,381.0786,612.07495,298.15372,621.8235,371.3364,529.2671
288.40543,539.13574,381.1716,612.2217,298.16412,621.9803,371.26517,529.45605
288.44476,539.2139,381.15158,612.18555,298.28787,622.0541,371.38507,529.5247
288.39136,539.28436,381.1693,612.32776,298.25906,622.07117,371.4034,529.59174
288.41974,539.23773,381.21454,612.4023,298.35712,622.14355,371.40222,529.60504
288.3799,539.28424,381.24536,612.39136,298.31592,622.166,371.4161,529.6004
288.374,539.29517,381.2414,612.3979,298.3562,622.1696,371.416,529.5598
288.46027,539.25653,381.23074,612.40027,298.31906,622.228,371.428,529.5715
288.45435,539.3302,381.19373,612.45386,298.3609,622.13824,371.42386,529.59845
288.3938,539.2799,381.2619,612.3756,298.33942,622.1784,371.42047,529.59796
288.4191,539.2577,381.24445,612.40045,298.3712,622.0528,371.4131,529.55884
288.36685,539.3034,381.2107,612.3158,298.3391,622.1006,371.40463,529.5455
288.36053,539.2485,381.18164,612.37103,298.29324,622.1426,371.41772,529.5421
288.3385,539.277,381.2089,612.3339,298.31058,622.08386,371.3967,529.5288
288.349,539.3316,381.18604,612.35754,298.31052,621.972,371.40796,529.5358
288.49582,539.1859,381.1821,612.38104,298.27856,622.0679,371.42734,529.5518
288.3953,539.3202,381.19455,612.3297,298.30542,622.0369,371.41055,529.5242
288.41125,539.2759,381.20724,612.34015,298.3103,622.07135,371.40494,529.52734
288.4255,539.2882,381.23676,612.31555,298.3176,622.04095,371.42413,529.58704
288.3757,539.2683,381.1893,612.3818,298.28687,622.10724,371.4095,529.5426
288.44507,539.2319,381.16174,612.3671,298.33423,622.0503,371.43057,529.5191
288.36218,539.3354,381.19754,612.3738,298.3042,622.058,371.3838,529.56964
288.42642,539.284,381.16068,612.4156,298.32086,621.988,371.3913,529.5143
288.40225,539.28033,381.18134,612.3287,298.2962,621.992,371.38748,529.5543
288.36237,539.345,381.1641,612.3973,298.31955,622.00757,371.39893,529.5497
288.35794,539.3415,381.1753,612.37604,298.27808,622.0054,371.43155,529.6044
288.4013,539.2621,381.18253,612.4342,298.2887,622.05,371.40884,529.6349
288.4469,539.2466,381.19745,612.3722,298.28442,622.1114,371.4154,529.5599
288.45276,539.2493,381.20218,612.345,298.29974,622.0709,371.3793,529.594
288.42194,539.30005,381.18686,612.3406,298.33154,622.07666,371.39844,529.5526
288.4259,539.29785,381.2018,612.36053,298.32156,622.09424,371.39545,529.5721
288.3771,539.2594,381.19144,612.4184,298.31064,621.98755,371.40427,529.5536
288.4556,539.2206,381.19708,612.3819,298.27972,622.07684,371.40475,529.5444
288.42188,539.2371,381.17636,612.4086,298.25803,622.06116,371.40244,529.52057
288.4236,539.2788,381.15735,612.3934,298.37662,621.92645,371.40717,529.5531
288.419,539.2537,381.19946,612.3472,298.3142,621.9591,371.38565,529.5165
288.38846,539.302,381.18887,612.30615,298.26025,622.0366,371.4225,529.5431
288.4561,539.2252,381.22223,612.3365,298.31064,621.9368,371.4263,529.57324
288.34665,539.2922,381.18912,612.3252,298.29852,622.0054,371.42075,529.5623
288.31766,539.3101,381.20135,612.3324,298.2767,622.03845,371.42712,529.5361
288.3733,539.2435,381.1573,612.3591,298.29465,622.00757,371.4151,529.50555
288.35678,539.2466,381.18112,612.3418,298.31256,621.94434,371.41388,529.57446
288.37793,539.26996,381.18103,612.3353,298.30508,622.0027,371.41376,529.53973
288.4076,539.311,381.17847,612.34875,298.31354,622.03217,371.4101,529.55597
288.4257,539.2883,381.12006,612.3415,298.295,621.9826,371.39108,529.57446
288.4249,539.24615,381.1594,612.3474,298.2767,622.0188,371.43842,529.58246
288.44537,539.1891,381.1714,612.4362,298.29272,622.0062,371.38806,529.5862
288.4708,539.25525,381.19174,612.3074,298.21625,622.0956,371.36844,529.5626
288.30338,539.26715,381.1991,612.3297,298.25604,622.0143,371.43243,529.53656
288.3776,539.2744,381.2007,612.30945,298.31937,622.0143,371.44067,529.54913
288.4184,539.27344,381.10583,612.4694,298.27094,621.9915,371.4386,529.50824
288.3741,539.2607,381.17392,612.37555,298.32828,622.00714,371.41357,529.52637
288.431,539.3329,381.20163,612.3869,298.3424,622.0982,371.3554,529.6344
288.4299,539.29913,381.20706,612.33936,298.2481,622.0263,371.36475,529.58813
288.42575,539.2759,381.1789,612.4256,298.30115,622.07733,371.40417,529.5861
288.4066,539.29346,381.17847,612.37195,298.38916,622.0009,371.39594,529.56476
288.44162,539.30005,381.14935,612.4153,298.2894,622.00757,371.39825,529.532
288.42484,539.25244,381.17166,612.4176,298.3839,621.99066,371.4064,529.56885
288.37152,539.3138,381.15424,612.39355,298.27972,622.0286,371.39407,529.60254
288.42996,539.25385,381.20596,612.27795,298.33496,621.9453,371.425,529.5165
288.38425,539.24884,381.183,612.35425,298.28226,621.9879,371.446,529.5443
288.3822,539.2426,381.1843,612.3464,298.30942,621.9719,371.4453,529.5358
288.39276,539.2872,381.1221,612.3982,298.28214,621.97723,371.38776,529.60547
